,WOJ. DOLNOSLASKIE  (93 miasta  towns),,,,,,,,,,
022401 4,Bardo,Zabkowicki,471,5,2309,490,777,808,,,
020201 1,Bielawa,Dzierzoniowski,3621,36,28027,774,138,158,,,
021402 4,Bierutw,Olesnicki,836,8,4459,533,627,591,,,
022503 4,Bogatynia,Zgorzelecki,5994,60,16020,267,73,265,,,
022101 1,Boguszw-Gorce,Walbrzyski,2702,27,14166,524,211,300,,,
020101 1,Boleslawiec,Boleslawiecki,2285,23,37055,1622,252,113,,,
020502 4,Bolkw,Jaworski,769,7,4632,602,654,582,,,
022201 4,Brzeg Dolny,Wolowski,1859,18,12536,674,327,333,,,
020806 4,Bystrzyca Klodzka,Klodzki,1074,11,8939,832,547,421,,,
021601 4,Chocianw,Polkowicki,900,9,7356,817,604,457,,,
020901 1,Chojnw,Legnicki,532,5,12361,2323,748,336,,,
020801 1,Duszniki-Zdrj,Klodzki,2228,22,4001,180,262,629,,,
020202 1,Dzierzoniw,Dzierzoniowski,2007,20,30614,1525,302,144,,,
020301 1,Glogw,Glogowski,3512,35,62049,1767,144,60,,,
022105 4,Gluszyca,Walbrzyski,1621,16,5924,365,382,512,,,
020401 4,Gra,Growski,1365,14,10700,784,449,364,,,
021201 4,Gryfw Slaski,Lwwecki,663,7,6104,921,700,504,,,
020501 1,Jawor,Jaworski,1880,19,20503,1091,322,203,,,
021904 4,Jaworzyna Slaska,Swidnicki,434,4,5035,1160,796,561,,,
022102 1,Jedlina-Zdrj,Walbrzyski,1744,18,4623,265,350,583,,,
021503 4,Jelcz-Laskowice,Olawski,1706,17,15004,879,359,285,,,
026101 1,Jelenia Gra,Jelenia Gra,10930,109,75124,687,28,46,,,
022403 4,Kamieniec Zabkowicki,Zabkowicki,1299,13,4309,332,470,604,,,
020701 1,Kamienna Gra,Kamiennogrski,1804,18,17110,948,337,243,,,
020601 1,Karpacz,Karkonoski,3799,38,4208,111,124,610,,,
022304 4,Katy Wroclawskie,Wroclawski,861,9,7168,833,617,464,,,
020802 1,Klodzko,Klodzki,2484,25,24810,999,233,173,,,
020602 1,Kowary,Karkonoski,3739,37,9745,261,127,390,,,
020803 1,Kudowa-Zdrj,Klodzki,3390,34,9280,274,150,409,,,
020808 4,Ladek-Zdrj,Klodzki,2032,20,4946,243,295,567,,,
026201 1,Legnica,Legnica,5629,56,91948,1633,78,39,,,
021003 4,Lesna,Lubanski,856,9,3995,467,620,630,,,
021001 1,Luban,Lubanski,1612,16,19545,1212,384,212,,,
020703 4,Lubawka,Kamiennogrski,2244,22,5536,247,257,529,,,
021101 1,Lubin,Lubinski,4076,41,67620,1659,106,51,,,
021202 4,Lubomierz,Lwwecki,805,8,1775,220,641,868,,,
021203 4,Lwwek Slaski,Lwwecki,1664,17,8132,489,371,440,,,
022106 4,Mieroszw,Walbrzyski,1032,10,3729,361,558,650,,,
021405 4,Miedzybrz,Olesnicki,641,6,2314,361,709,806,,,
020810 4,Miedzylesie,Klodzki,1437,14,2375,165,429,800,,,
021803 4,Miekinia,Sredzki,1105,11,2094,190,536,829,,,
021303 4,Milicz,Milicki,1351,14,10771,797,454,362,,,
021204 4,Mirsk,Lwwecki,1466,15,3619,247,422,662,,,
020207 4,Niemcza,Dzierzoniowski,1981,20,2683,135,307,758,,,
020804 1,Nowa Ruda,Klodzki,3705,37,20421,551,129,205,,,
020104 4,Nowogrodziec,Boleslawiecki,1610,16,4102,255,385,619,,,
022001 4,Oborniki Slaskie,Trzebnicki,1441,14,8990,624,428,419,,,
021401 1,Olesnica,Olesnicki,2096,21,35132,1676,282,122,,,
021005 4,Olszyna,Lubanski,2030,20,4288,211,297,606,,,
021501 1,Olawa,Olawski,2736,27,33166,1212,207,131,,,
020603 1,Piechowice,Karkonoski,4317,43,5743,133,101,521,,,
022504 4,Piensk,Zgorzelecki,992,10,5454,550,571,534,,,
020203 4,Pieszyce,Dzierzoniowski,1772,18,6765,382,345,477,,,
020204 1,Pilawa Grna,Dzierzoniowski,2093,21,5904,282,283,513,,,
020805 1,Polanica-Zdrj,Klodzki,1722,17,5937,345,354,509,,,
021604 4,Polkowice,Polkowicki,2374,24,21350,899,240,194,,,
020907 4,Prochowice,Legnicki,985,10,3496,355,574,672,,,
022002 4,Prusice,Trzebnicki,1094,11,2144,196,541,822,,,
021605 4,Przemkw,Polkowicki,617,6,5598,907,716,526,,,
020812 4,Radkw,Klodzki,1507,15,2245,149,410,815,,,
022308 4,Siechnice,Wroclawski,1565,16,10991,702,397,358,,,
022307 4,Sobtka,Wroclawski,3219,32,7022,218,168,471,,,
020813 4,Stronie Slaskie,Klodzki,239,2,4992,2089,848,565,,,
021906 4,Strzegom,Swidnicki,2049,21,14940,729,292,287,,,
021704 4,Strzelin,Strzelinski,1274,13,11936,937,478,345,,,
021407 4,Sycw,Olesnicki,1706,17,9938,583,359,383,,,
022103 1,Szczawno-Zdrj,Walbrzyski,1481,15,5240,354,417,549,,,
020814 4,Szczytna,Klodzki,8038,80,4788,60,51,576,,,
020604 1,Szklarska Poreba,Karkonoski,7544,75,5776,77,57,519,,,
021104 4,Scinawa,Lubinski,1354,13,5251,388,452,547,,,
021804 4,Sroda Slaska,Sredzki,1494,15,9540,639,415,396,,,
021901 1,Swidnica,Swidnicki,2176,22,52874,2430,273,79,,,
021902 1,Swiebodzice,Swidnicki,3044,30,21805,716,176,190,,,
021002 1,Swieradw-Zdrj,Lubanski,2072,21,3960,191,286,633,,,
022604 4,Swierzawa,Zlotoryjski,176,2,2003,1138,868,844,,,
022003 4,Trzebnica,Trzebnicki,1061,11,13655,1287,551,307,,,
021408 4,Twardogra,Olesnicki,829,8,6177,745,631,498,,,
026501 1,Walbrzych,Walbrzych,8468,85,100294,1184,42,37,,,
020404 4,Wasosz,Growski,325,3,2551,785,832,774,,,
022506 4,Wegliniec,Zgorzelecki,872,9,2662,305,614,761,,,
021705 4,Wiazw,Strzelinski,916,9,2254,246,599,814,,,
021205 4,Wlen,Lwwecki,722,7,1569,217,673,898,,,
022601 1,Wojcieszw,Zlotoryjski,3218,32,3431,107,169,682,,,
022203 4,Wolw,Wolowski,1854,19,12010,648,328,343,,,
026401 1,Wroclaw,Wroclaw,29280,293,673743,2301,7,3,,,
022501 1,Zawidw,Zgorzelecki,607,6,3761,620,720,648,,,
022405 4,Zabkowice Slaskie,Zabkowicki,1366,14,14240,1042,448,298,,,
022502 1,Zgorzelec,Zgorzelecki,1588,16,28931,1822,390,150,,,
022406 4,Ziebice,Zabkowicki,1508,15,7981,529,409,447,,,
022602 1,Zlotoryja,Zlotoryjski,1151,12,14168,1231,519,299,,,
022407 4,Zloty Stok,Zabkowicki,773,8,2432,315,653,787,,,
021908 4,Zarw,Swidnicki,757,8,6424,849,660,488,,,
022006 4,Zmigrd,Trzebnicki,949,10,6177,651,589,498,,,
,WOJ. KUJAWSKO-POMORSKIE  (56 miast  towns),,,,,,,,,,
040101 1,Aleksandrw Kujawski,Aleksandrowski,723,7,11474,1587,672,353,,,
041901 4,Barcin,Zninski,370,4,6926,1872,815,474,,,
040802 4,Bobrowniki,Lipnowski,588,6,1122,191,728,942,,,
040201 1,Brodnica,Brodnicki,2315,23,28190,1218,249,156,,,
041804 4,Brzesc Kujawski,Wloclawski,704,7,4525,643,681,587,,,
046101 1,Bydgoszcz,Bydgoszcz,17596,176,326434,1855,12,9,,,
040401 1,Chelmno,Chelminski,1356,14,18052,1331,451,228,,,
041501 1,Chelmza,Torunski,784,8,13691,1746,649,306,,,
041806 4,Chodecz,Wloclawski,190,2,1705,897,865,882,,,
040102 1,Ciechocinek,Aleksandrowski,1531,15,10153,663,404,380,,,
040804 4,Dobrzyn nad Wisla,Lipnowski,653,6,1962,300,704,852,,,
041902 4,Gasawa,Zninski,693,7,1385,200,687,917,,,
040703 4,Gniewkowo,Inowroclawski,918,9,6677,727,598,480,,,
040501 1,Golub-Dobrzyn,Golubsko-dobrzynski,750,8,11261,1501,663,356,,,
040205 4,Grzno,Brodnicki,343,4,1391,406,824,915,,,
046201 1,Grudziadz,Grudziadz,5776,58,88658,1535,76,40,,,
040701 1,Inowroclaw,Inowroclawski,3042,30,67378,2215,177,52,,,
041808 4,Izbica Kujawska,Wloclawski,224,2,2460,1098,857,784,,,
040207 4,Jablonowo Pomorskie,Brodnicki,335,3,3648,1089,828,657,,,
040705 4,Janikowo,Inowroclawski,951,10,8136,856,588,439,,,
041903 4,Janowiec Wielkopolski,Zninski,304,3,3675,1209,838,655,,,
041301 4,Kamien Krajenski,Sepolenski,365,4,2321,636,817,804,,,
041001 4,Kcynia,Nakielski,684,7,4238,620,693,609,,,
040805 4,Kikl,Lipnowski,401,4,2038,508,805,834,,,
040304 4,Koronowo,Bydgoski,2818,28,10743,381,194,363,,,
041801 1,Kowal,Wloclawski,468,5,3278,700,778,698,,,
040504 4,Kowalewo Pomorskie,Golubsko-dobrzynski,445,4,4063,913,791,624,,,
040706 4,Kruszwica,Inowroclawski,1024,10,9070,886,561,415,,,
040801 1,Lipno,Lipnowski,1100,11,13380,1216,537,314,,,
041811 4,Lubien Kujawski,Wloclawski,236,2,1313,556,851,927,,,
041812 4,Lubraniec,Wloclawski,195,2,2696,1383,863,756,,,
041904 4,Labiszyn,Zninski,289,3,4352,1506,842,596,,,
040603 4,Lasin,Grudziadzki,479,5,3060,639,772,712,,,
040903 4,Mogilno,Mogilenski,832,8,10972,1319,629,359,,,
041002 4,Mrocza,Nakielski,501,5,4129,824,762,614,,,
041003 4,Naklo nad Notecia,Nakielski,1082,11,17002,1571,544,245,,,
040103 1,Nieszawa,Aleksandrowski,977,10,1740,178,575,874,,,
041406 4,Nowe,Swiecki,348,3,5413,1555,822,537,,,
040707 4,Pakosc,Inowroclawski,344,3,5136,1493,823,553,,,
041105 4,Piotrkw Kujawski,Radziejowski,975,10,4185,429,576,612,,,
041408 4,Pruszcz,Swiecki,706,7,2759,391,679,744,,,
041101 1,Radziejw,Radziejowski,569,6,5055,888,737,560,,,
040604 4,Radzyn Chelminski,Grudziadzki,178,2,1795,1008,867,866,,,
041201 1,Rypin,Rypinski,1096,11,15379,1403,539,280,,,
041302 4,Seplno Krajenskie,Sepolenski,656,7,8720,1329,703,424,,,
040807 4,Skepe,Lipnowski,748,8,3415,457,664,684,,,
040308 4,Solec Kujawski,Bydgoski,1868,19,15249,816,325,283,,,
040904 4,Strzelno,Mogilenski,446,5,5230,1173,790,551,,,
041005 4,Szubin,Nakielski,765,8,9402,1229,657,403,,,
041409 4,Swiecie,Swiecki,1650,17,24841,1506,374,172,,,
046301 1,Torun,Torun,11572,116,194771,1683,24,16,,,
041606 4,Tuchola,Tucholski,1769,18,12969,733,347,322,,,
041701 1,Wabrzezno,Wabrzeski,853,9,12892,1511,621,325,,,
041304 4,Wiecbork,Sepolenski,431,4,5619,1304,797,524,,,
046401 1,Wloclawek,Wloclawek,8509,85,100807,1185,41,35,,,
041906 4,Znin,Zninski,835,8,13040,1562,628,318,,,
,WOJ. LUBELSKIE  (54 miasta  towns),,,,,,,,,,
060702 4,Annopol,Krasnicki,773,8,2300,298,653,810,,,
060901 4,Belzyce,Lubelski,2346,23,5936,253,244,510,,,
066101 1,Biala Podlaska,Biala Podlaska,4940,49,54453,1102,88,74,,,
060201 1,Bilgoraj,Bilgorajski,2110,21,24769,1174,277,174,,,
060903 4,Bychawa,Lubelski,669,7,4476,669,697,590,,,
066201 1,Chelm,Chelm,3997,40,57214,1431,112,69,,,
061503 4,Czemierniki,Radzynski,465,4,1304,280,780,929,,,
061601 1,Deblin,Rycki,3833,38,14132,369,119,301,,,
060205 4,Frampol,Bilgorajski,467,5,1330,285,779,923,,,
060206 4,Goraj,Bilgorajski,764,8,896,117,658,967,,,
060401 1,Hrubieszw,Hrubieszowski,3303,33,15935,482,159,268,,,
060604 4,Izbica,Krasnostawski,946,9,1684,178,590,886,,,
060505 4,Janw Lubelski,Janowski,1480,15,10894,736,418,361,,,
060207 4,Jzefw,Bilgorajski,500,5,2319,464,763,805,,,
061202 4,Jzefw nad Wisla,Opolski,365,4,803,220,817,976,,,
060805 4,Kamionka,Lubartowski,589,6,1714,291,727,878,,,
061404 4,Kazimierz Dolny,Pulawski,3044,30,3239,106,176,700,,,
060806 4,Kock,Lubartowski,1678,17,2870,171,368,732,,,
062004 4,Krasnobrd,Zamojski,699,7,2967,424,684,722,,,
060601 1,Krasnystaw,Krasnostawski,4213,42,17366,412,103,237,,,
060701 1,Krasnik,Krasnicki,2610,26,31296,1199,222,142,,,
060801 1,Lubartw,Lubartowski,1392,14,19734,1418,441,209,,,
066301 1,Lublin,Lublin,14746,147,329565,2235,18,8,,,
061805 4,Lubycza Krlewska,Tomaszowski,390,4,2142,549,809,823,,,
061806 4,Laszczw,Tomaszowski,504,5,1961,389,760,853,,,
061003 4,Leczna,Leczynski,1900,19,17665,930,319,234,,,
061101 1,Lukw,Lukowski,3575,36,27159,760,141,162,,,
060101 1,Miedzyrzec Podlaski,Bialski,2003,20,15389,768,303,279,,,
060506 4,Modliborzyce,Janowski,789,8,1416,179,647,912,,,
061408 4,Naleczw,Pulawski,1383,14,3611,261,444,664,,,
061205 4,Opole Lubelskie,Opolski,1512,15,7864,520,408,450,,,
060810 4,Ostrw Lubelski,Lubartowski,2977,30,1964,66,185,851,,,
061304 4,Parczew,Parczewski,805,8,10185,1265,641,378,,,
061703 4,Piaski,Swidnicki,843,8,2416,287,625,789,,,
060111 4,Piszczac,Bialski,330,3,2091,634,830,830,,,
061206 4,Poniatowa,Opolski,1526,15,8246,540,405,436,,,
061401 1,Pulawy,Pulawski,5049,51,43860,869,84,97,,,
061501 1,Radzyn Podlaski,Radzynski,1931,19,14293,740,314,297,,,
060315 4,Rejowiec,Chelmski,651,6,1982,304,706,847,,,
060301 1,Rejowiec Fabryczny,Chelmski,1428,14,4003,280,434,628,,,
061604 4,Ryki,Rycki,2722,27,8985,330,209,420,,,
060311 4,Siedliszcze,Chelmski,1315,13,1325,101,467,925,,,
061102 1,Stoczek Lukowski,Lukowski,915,9,2362,258,600,802,,,
062013 4,Szczebrzeszyn,Zamojski,2912,29,4744,163,187,579,,,
061701 1,Swidnik,Swidnicki,2035,20,36680,1802,294,116,,,
060212 4,Tarnogrd,Bilgorajski,1069,11,3109,291,550,710,,,
060102 1,Terespol,Bialski,1011,10,5121,507,565,554,,,
061801 1,Tomaszw Lubelski,Tomaszowski,1329,13,17848,1343,462,229,,,
060214 4,Turobin,Bilgorajski,160,2,823,514,870,974,,,
061812 4,Tyszowce,Tomaszowski,1852,18,1821,98,329,862,,,
060708 4,Urzedw,Krasnicki,1292,13,1708,132,473,881,,,
061901 1,Wlodawa,Wlodawski,1797,18,12123,675,339,341,,,
066401 1,Zamosc,Zamosc,3033,30,58231,1920,178,67,,,
062015 4,Zwierzyniec,Zamojski,619,6,2780,449,715,741,,,
,WOJ. LUBUSKIE  (44 miasta  towns),,,,,,,,,,
080901 4,Babimost,Zielonogrski,365,4,3818,1046,817,644,,,
081103 4,Brody,Zarski,307,3,837,273,837,972,,,
080402 4,Bytom Odrzanski,Nowosolski,230,2,3910,1700,854,636,,,
080501 4,Cybinka,Slubicki,529,6,2656,502,750,762,,,
080903 4,Czerwiensk,Zielonogrski,936,9,3776,403,592,647,,,
080601 4,Dobiegniew,Strzelecko-drezdenecki,569,6,2985,525,737,719,,,
080602 4,Drezdenko,Strzelecko-drezdenecki,1072,11,9455,882,548,401,,,
086101 1,Gorzw Wielkopolski,Gorzw Wielkopolski,8573,86,115247,1344,37,29,,,
081001 1,Gozdnica,Zaganski,2393,24,2726,114,238,752,,,
080201 1,Gubin,Krosnienski,2068,21,15606,755,287,276,,,
081004 4,Ilowa,Zaganski,918,9,3593,391,598,666,,,
081104 4,Jasien,Zarski,477,5,4037,846,774,627,,,
080904 4,Kargowa,Zielonogrski,455,5,3827,841,787,642,,,
080101 1,Kostrzyn nad Odra,Gorzowski,4615,46,17591,381,99,235,,,
080404 4,Kozuchw,Nowosolski,594,6,8892,1497,726,422,,,
080206 4,Krosno Odrzanskie,Krosnienski,815,8,10533,1292,639,372,,,
080702 4,Lubniewice,Sulecinski,1211,12,2004,165,499,843,,,
081106 4,Lubsko,Zarski,1258,13,12858,1022,481,327,,,
081101 1,Leknica,Zarski,1643,16,2238,136,377,816,,,
081005 4,Malomice,Zaganski,688,7,3420,497,690,683,,,
080302 4,Miedzyrzecz,Miedzyrzecki,1396,14,16832,1206,440,250,,,
080401 1,Nowa Sl,Nowosolski,2180,22,36040,1653,272,117,,,
080406 4,Nowe Miasteczko,Nowosolski,329,3,2636,801,831,766,,,
080905 4,Nowogrd Bobrzanski,Zielonogrski,1464,15,4767,326,423,578,,,
080503 4,Osno Lubuskie,Slubicki,801,8,3889,486,642,640,,,
080407 4,Otyn,Nowosolski,787,8,1758,223,648,872,,,
080504 4,Rzepin,Slubicki,1142,11,6404,561,522,491,,,
080305 4,Skwierzyna,Miedzyrzecki,3589,36,9078,253,139,414,,,
081201 4,Slawa,Wschowski,1489,15,4103,276,416,618,,,
080505 4,Slubice,Slubicki,1921,19,16255,846,315,261,,,
080604 4,Strzelce Krajenskie,Strzelecko-drezdenecki,554,6,9705,1752,742,394,,,
080906 4,Sulechw,Zielonogrski,683,7,15467,2265,694,278,,,
080704 4,Sulecin,Sulecinski,856,9,9738,1138,620,392,,,
081202 4,Szlichtyngowa,Wschowski,155,2,1257,811,872,932,,,
081007 4,Szprotawa,Zaganski,1095,11,10554,964,540,371,,,
080805 4,Swiebodzin,Swiebodzinski,1693,17,20778,1227,362,201,,,
080705 4,Torzym,Sulecinski,911,9,2391,262,601,795,,,
080306 4,Trzciel,Miedzyrzecki,304,3,2221,731,838,817,,,
080107 4,Witnica,Gorzowski,824,8,6434,781,633,487,,,
081203 4,Wschowa,Wschowski,926,9,12991,1403,595,321,,,
080806 4,Zbaszynek,Swiebodzinski,357,4,4898,1372,820,571,,,
086201 1,Zielona Gra,Zielona Gra,27536,275,138932,505,8,24,,,
081002 1,Zagan,Zaganski,4038,40,23462,581,110,180,,,
081102 1,Zary,Zarski,3324,33,34837,1048,158,123,,,
,WOJ. LDZKIE  (60 miast  towns),,,,,,,,,,
102004 4,Aleksandrw Ldzki,Zgierski,1382,14,22002,1592,445,187,,,
100101 1,Belchatw,Belchatowski,3464,35,52331,1511,146,81,,,
101302 4,Biala Rawska,Rawski,953,9,3001,315,587,717,,,
100701 4,Bialaczw,Opoczynski,2192,22,1089,50,269,945,,,
101402 4,Blaszki,Sieradzki,162,2,1987,1227,869,846,,,
101801 4,Boleslawiec,Wieruszowski,296,3,875,296,841,969,,,
101501 4,Bolimw,Skierniewicki,378,4,900,238,812,965,,,
102101 1,Brzeziny,Brzezinski,2158,22,11949,554,274,344,,,
100203 4,Dabrowice,Kutnowski,1849,18,951,51,330,959,,,
100702 4,Drzewica,Opoczynski,481,5,3526,733,771,670,,,
100901 4,Dzialoszyn,Pajeczanski,494,5,5239,1061,766,550,,,
102001 1,Glowno,Zgierski,1984,20,13116,661,306,316,,,
100404 4,Grabw,Leczycki,918,9,1007,110,598,951,,,
101605 4,Inowldz,Tomaszowski,1566,15,735,47,396,980,,,
102104 4,Jezw,Brzezinski,1256,13,1254,100,483,933,,,
101205 4,Kamiensk,Radomszczanski,1199,12,2599,217,504,771,,,
100505 4,Kiernozia,Lowicki,459,5,806,176,785,975,,,
100607 4,Koluszki,Ldzki wschodni,990,10,12046,1217,572,342,,,
100801 1,Konstantynw Ldzki,Pabianicki,2725,27,19231,706,208,214,,,
100204 4,Krosniewice,Kutnowski,418,4,3991,955,800,631,,,
100201 1,Kutno,Kutnowski,3359,34,40723,1212,153,105,,,
100806 4,Lutomiersk,Pabianicki,520,5,1574,303,754,897,,,
101804 4,Lututw,Wieruszowski,1892,19,2200,116,321,818,,,
100302 4,Lask,Laski,1567,15,16058,1025,395,263,,,
100401 1,Leczyca,Leczycki,895,9,13065,1460,606,317,,,
100501 1,Lowicz,Lowicki,2342,23,25972,1109,245,166,,,
106101 1,Ldz,Ldz,29325,293,652015,2223,6,4,,,
100704 4,Opoczno,Opoczynski,2698,27,18913,701,214,218,,,
101705 4,Osjakw,Wielunski,828,8,1309,158,632,928,,,
102002 1,Ozorkw,Zgierski,1546,15,18064,1168,401,227,,,
100802 1,Pabianice,Pabianicki,3299,33,60598,1837,160,63,,,
100904 4,Pajeczno,Pajeczanski,2023,20,6370,315,298,494,,,
102007 4,Parzeczew,Zgierski,645,7,918,142,707,962,,,
100406 4,Piatek,Leczycki,524,5,1551,296,752,899,,,
106201 1,Piotrkw Trybunalski,Piotrkw Trybunalski,6724,67,66519,989,66,55,,,
101103 4,Poddebice,Poddebicki,587,6,6756,1151,729,478,,,
101211 4,Przedbrz,Radomszczanski,608,6,3182,523,719,704,,,
101201 1,Radomsko,Radomszczanski,5143,51,42973,836,81,101,,,
101301 1,Rawa Mazowiecka,Rawski,1429,14,15941,1116,433,267,,,
101008 4,Rozprza,Piotrkowski,418,4,1622,388,800,892,,,
100610 4,Rzgw,Ldzki wschodni,1677,17,3457,206,369,678,,,
101401 1,Sieradz,Sieradzki,5122,51,38729,756,82,109,,,
106301 1,Skierniewice,Skierniewice,3460,35,45184,1306,148,92,,,
102008 4,Strykw,Zgierski,815,8,3363,413,639,688,,,
101009 4,Sulejw,Piotrkowski,2626,26,5932,226,219,511,,,
101902 4,Szadek,Zdunskowolski,1793,18,1761,98,340,871,,,
101601 1,Tomaszw Mazowiecki,Tomaszowski,4130,41,57438,1391,105,68,,,
100611 4,Tuszyn,Ldzki wschodni,2325,23,7171,308,247,463,,,
101610 4,Ujazd,Tomaszowski,1019,10,1533,150,563,903,,,
101104 4,Uniejw,Poddebicki,1224,12,2982,244,495,720,,,
101409 4,Warta,Sieradzki,1085,11,2935,271,543,726,,,
101709 4,Wielun,Wielunski,1687,17,20448,1212,363,204,,,
101807 4,Wieruszw,Wieruszowski,597,6,8332,1396,724,433,,,
101011 4,Wolbrz,Piotrkowski,1518,15,2270,150,407,812,,,
101901 1,Zdunska Wola,Zdunskowolski,2458,25,38402,1562,234,111,,,
100108 4,Zelw,Belchatowski,1075,11,7059,657,546,470,,,
102003 1,Zgierz,Zgierski,4233,42,53543,1265,102,77,,,
101411 4,Zloczew,Sieradzki,1379,14,3403,247,446,686,,,
100708 4,Zarnw,Opoczynski,962,10,1096,114,584,944,,,
100211 4,Zychlin,Kutnowski,868,9,7494,863,615,452,,,
,WOJ. MALOPOLSKIE  (64 miasta  towns),,,,,,,,,,
120301 4,Alwernia,Chrzanowski,888,9,3244,365,608,699,,,
121801 4,Andrychw,Wadowicki,1034,10,18311,1771,557,222,,,
120502 4,Biecz,Gorlicki,1772,18,4313,243,345,603,,,
120503 4,Bobowa,Gorlicki,718,7,3060,426,675,712,,,
120101 1,Bochnia,Bochenski,2989,30,28441,952,184,153,,,
120202 4,Brzesko,Brzeski,1191,12,15928,1337,506,269,,,
121302 4,Brzeszcze,Oswiecimski,1903,19,10657,560,317,365,,,
121201 1,Bukowno,Olkuski,6450,64,9467,147,70,400,,,
121303 4,Chelmek,Oswiecimski,829,8,8413,1015,631,430,,,
120303 4,Chrzanw,Chrzanowski,3831,38,33928,886,120,128,,,
121601 4,Ciezkowice,Tarnowski,999,10,2482,248,568,781,,,
121103 4,Czarny Dunajec,Nowotarski,3798,38,3680,97,125,654,,,
120203 4,Czchw,Brzeski,1409,14,2276,162,437,811,,,
120402 4,Dabrowa Tarnowska,Dabrowski,2321,23,11458,494,248,354,,,
120901 4,Dobczyce,Myslenicki,1297,13,6163,475,472,500,,,
120501 1,Gorlice,Gorlicki,2353,24,25523,1085,242,167,,,
121001 1,Grybw,Nowosadecki,1696,17,5947,351,360,508,,,
121501 1,Jordanw,Suski,2103,21,5403,257,280,538,,,
121803 4,Kalwaria Zebrzydowska,Wadowicki,550,5,4300,782,744,605,,,
121304 4,Kety,Oswiecimski,2302,23,17669,768,251,233,,,
121402 4,Koszyce,Proszowicki,325,3,759,234,832,979,,,
126101 1,Krakw,Krakw,32685,327,806201,2467,4,2,,,
121007 4,Krynica-Zdrj,Nowosadecki,3969,40,9597,242,114,395,,,
120606 4,Krzeszowice,Krakowski,1696,17,9743,574,360,391,,,
120804 4,Ksiaz Wielki,Miechowski,562,6,839,149,740,971,,,
120304 4,Libiaz,Chrzanowski,3586,36,15912,444,140,270,,,
120701 1,Limanowa,Limanowski,1870,19,14430,772,324,295,,,
121506 4,Makw Podhalanski,Suski,2012,20,5534,275,300,530,,,
120805 4,Miechw,Miechowski,1549,15,10918,705,400,360,,,
120702 1,Mszana Dolna,Limanowski,2710,27,7826,289,210,451,,,
121011 4,Muszyna,Nowosadecki,2443,24,4433,181,237,593,,,
120903 4,Myslenice,Myslenicki,3022,30,17745,587,180,230,,,
121904 4,Niepolomice,Wielicki,2740,27,16805,613,205,254,,,
121403 4,Nowe Brzesko,Proszowicki,726,7,1604,221,671,893,,,
126201 1,Nowy Sacz,Nowy Sacz,5760,58,80358,1395,77,44,,,
121101 1,Nowy Targ,Nowotarski,5107,51,33065,647,83,132,,,
120106 4,Nowy Wisnicz,Bochenski,497,5,2730,549,765,750,,,
121205 4,Olkusz,Olkuski,2565,26,32261,1258,226,136,,,
121301 1,Oswiecim,Oswiecimski,3014,30,35577,1180,181,120,,,
121013 4,Piwniczna-Zdrj,Nowosadecki,3829,38,5385,141,121,539,,,
121405 4,Proszowice,Proszowicki,734,7,5744,783,669,520,,,
121112 4,Rabka-Zdrj,Nowotarski,3670,37,12233,333,132,337,,,
121605 4,Radlw,Tarnowski,1683,17,2698,160,366,755,,,
121606 4,Ryglice,Tarnowski,2515,25,2673,106,231,760,,,
120610 4,Skala,Krakowski,297,3,3880,1306,840,641,,,
120611 4,Skawina,Krakowski,2050,21,23967,1169,291,177,,,
120612 4,Slomniki,Krakowski,343,4,4161,1213,824,613,,,
121016 4,Stary Sacz,Nowosadecki,1500,15,8701,580,413,425,,,
121502 1,Sucha Beskidzka,Suski,2765,28,8868,321,202,423,,,
120907 4,Sulkowice,Myslenicki,1644,16,6464,393,376,486,,,
121102 4,Szczawnica,Nowotarski,3290,33,5208,158,161,552,,,
120407 4,Szczucin,Dabrowski,685,7,4086,596,692,622,,,
120614 4,Swiatniki Grne,Krakowski,444,4,2385,537,792,797,,,
126301 1,Tarnw,Tarnw,7237,72,103129,1425,60,34,,,
120305 4,Trzebinia,Chrzanowski,3195,32,18502,579,170,220,,,
121610 4,Tuchw,Tarnowski,1810,18,6176,341,336,499,,,
121809 4,Wadowice,Wadowicki,1052,11,17196,1635,553,242,,,
121905 4,Wieliczka,Wielicki,1341,14,27845,2076,458,159,,,
121613 4,Wojnicz,Tarnowski,850,8,3141,370,622,707,,,
121207 4,Wolbrom,Olkuski,1012,10,8045,795,564,444,,,
121614 4,Zakliczyn,Tarnowski,402,4,1579,393,804,896,,,
121701 1,Zakopane,Tatrzanski,8426,84,25204,299,43,169,,,
121309 4,Zator,Oswiecimski,1151,12,3601,313,519,665,,,
121615 4,Zabno,Tarnowski,1113,11,4100,368,532,621,,,
,WOJ. MAZOWIECKIE  (110 miast  towns),,,,,,,,,,
140101 4,Bialobrzegi,Bialobrzeski,751,8,6407,853,662,490,,,
143701 4,Biezun,Zurominski,1207,12,1713,142,500,879,,,
143201 4,Blonie,Warszawski zachodni,909,9,12172,1339,602,339,,,
141902 4,Bodzanw,Plocki,491,5,1130,230,767,940,,,
141604 4,Brok,Ostrowski,2806,28,1731,62,196,875,,,
142103 4,Brwinw,Pruszkowski,1469,15,14568,992,421,288,,,
141204 4,Ceglw,Minski,767,8,2311,301,655,807,,,
142202 4,Chorzele,Przasnyski,1751,18,2894,165,349,731,,,
140201 1,Ciechanw,Ciechanowski,3278,33,41740,1273,163,102,,,
140902 4,Ciepielw,Lipski,686,7,732,107,691,981,,,
142004 4,Czerwinsk nad Wisla,Plonski,551,5,981,178,743,954,,,
141206 4,Dobre,Minski,861,9,1815,211,617,865,,,
141905 4,Drobin,Plocki,965,10,2631,273,582,767,,,
140301 1,Garwolin,Garwolinski,2208,22,17268,782,266,239,,,
141906 4,Gabin,Plocki,2795,28,4124,148,198,615,,,
142302 4,Gielniw,Przysuski,1207,12,776,64,500,978,,,
140203 4,Glinojeck,Ciechanowski,737,7,2788,378,668,739,,,
140702 4,Glowaczw,Kozienicki,596,6,826,139,725,973,,,
140401 1,Gostynin,Gostyninski,3239,32,16986,524,166,246,,,
141801 4,Gra Kalwaria,Piaseczynski,1460,15,12129,831,425,340,,,
140504 4,Grodzisk Mazowiecki,Grodziski,1319,13,34718,2632,466,125,,,
140605 4,Grjec,Grjecki,857,8,16807,1961,619,253,,,
141207 4,Halinw,Minski,284,3,3752,1321,843,649,,,
142503 4,Ilza,Radomski,1583,16,4280,270,392,608,,,
143406 4,Jadw,Wolominski,462,5,907,196,783,963,,,
143002 4,Jastrzab,Szydlowiecki,1255,13,1178,94,484,936,,,
142506 4,Jedlnia-Letnisko,Radomski,821,8,3957,482,636,634,,,
141701 1,Jzefw,Otwocki,2392,24,21217,887,239,197,,,
141209 4,Kaluszyn,Minski,1230,12,2699,219,493,754,,,
141704 4,Karczew,Otwocki,2812,28,9245,329,195,411,,,
143401 1,Kobylka,Wolominski,1964,20,28339,1443,309,154,,,
141802 4,Konstancin-Jeziorna,Piaseczynski,1775,18,16894,952,344,249,,,
142905 4,Kosw Lacki,Sokolowski,1157,11,1962,170,517,852,,,
140705 4,Kozienice,Kozienicki,1045,10,15530,1486,554,277,,,
141210 4,Latowicz,Minski,2573,26,1339,52,225,921,,,
140801 1,Legionowo,Legionowski,1354,14,52630,3887,452,80,,,
140903 4,Lipsko,Lipski,1571,16,4948,315,393,566,,,
143703 4,Lubowidz,Zurominski,567,6,1499,264,739,907,,,
140302 1,Laskarzew,Garwolinski,1535,15,4489,292,402,589,,,
143305 4,Lochw,Wegrowski,1338,13,6545,489,459,485,,,
143205 4,Lomianki,Warszawski zachodni,840,8,18226,2170,626,223,,,
141002 4,Losice,Losicki,2374,24,6808,287,240,476,,,
140307 4,Maciejowice,Garwolinski,1088,11,1439,132,542,911,,,
140706 4,Magnuszew,Kozienicki,918,9,964,105,598,957,,,
141101 1,Makw Mazowiecki,Makowski,1028,10,8939,870,559,421,,,
143402 1,Marki,Wolominski,2615,26,45365,1735,221,89,,,
140501 1,Milanwek,Grodziski,1344,13,16424,1222,456,256,,,
141201 1,Minsk Mazowiecki,Minski,1319,13,39837,3020,466,107,,,
141301 1,Mlawa,Mlawski,3480,35,30802,885,145,143,,,
140607 4,Mogielnica,Grjecki,1298,13,2118,163,471,825,,,
142605 4,Mordy,Siedlecki,454,5,1599,352,788,894,,,
141212 4,Mrozy,Minski,774,8,3623,468,652,660,,,
143802 4,Mszczonw,Zyrardowski,856,9,6090,711,620,505,,,
141508 4,Myszyniec,Ostrolecki,1123,11,3189,284,529,703,,,
141404 4,Nasielsk,Nowodworski,1257,13,7315,582,482,459,,,
142008 4,Nowe Miasto,Plonski,892,9,1514,170,607,905,,,
140608 4,Nowe Miasto nad Pilica,Grjecki,1125,11,3484,310,527,676,,,
141401 1,Nowy Dwr Mazowiecki,Nowodworski,2820,28,28548,1012,193,152,,,
142304 4,Odrzywl,Przysuski,793,8,991,125,644,952,,,
141706 4,Osieck,Otwocki,2659,27,1105,42,218,943,,,
146101 1,Ostroleka,Ostroleka,3346,33,48229,1441,155,85,,,
141601 1,Ostrw Mazowiecka,Ostrowski,2227,22,21530,967,263,191,,,
141702 1,Otwock,Otwocki,4731,47,43895,928,92,96,,,
143206 4,Ozarw Mazowiecki,Warszawski zachodni,812,8,15623,1924,640,275,,,
141804 4,Piaseczno,Piaseczynski,1623,16,51971,3202,380,82,,,
142101 1,Piastw,Pruszkowski,577,6,22932,3974,734,184,,,
140310 4,Pilawa,Garwolinski,666,7,4431,665,699,594,,,
142501 1,Pionki,Radomski,1840,18,16089,874,332,262,,,
146201 1,Plock,Plock,8804,88,111190,1263,36,32,,,
142001 1,Plonsk,Plonski,1160,12,21530,1856,514,191,,,
140502 1,Podkowa Lesna,Grodziski,1011,10,3799,376,565,645,,,
142102 1,Pruszkw,Pruszkowski,1919,19,65461,3411,316,56,,,
142201 1,Przasnysz,Przasnyski,2516,25,16357,650,230,258,,,
142306 4,Przysucha,Przysuski,703,7,5293,753,682,543,,,
142509 4,Przytyk,Radomski,284,3,904,318,843,964,,,
142404 4,Pultusk,Pultuski,2307,23,19064,826,250,215,,,
142002 1,Raciaz,Plonski,840,8,3966,472,626,632,,,
146301 1,Radom,Radom,11180,112,196005,1753,25,15,,,
143409 4,Radzymin,Wolominski,2339,23,14962,640,246,286,,,
141107 4,Rzan,Makowski,1200,12,2616,218,503,769,,,
140404 4,Sanniki,Gostyninski,1177,12,1721,146,511,876,,,
140804 4,Serock,Legionowski,1343,13,5277,393,457,546,,,
146401 1,Siedlce,Siedlce,3186,32,75297,2363,171,45,,,
141213 4,Siennica,Minski,1178,12,2270,193,510,812,,,
140905 4,Sienno,Lipski,1070,11,930,87,549,961,,,
142701 1,Sierpc,Sierpecki,1859,18,16941,911,327,248,,,
142510 4,Skaryszew,Radomski,2749,27,4456,162,204,592,,,
142801 1,Sochaczew,Sochaczewski,2619,26,33456,1277,220,129,,,
142011 4,Sochocin,Plonski,686,7,1925,281,691,855,,,
142901 1,Sokolw Podlaski,Sokolowski,1751,17,18361,1049,349,221,,,
140906 4,Solec nad Wisla,Lipski,2089,21,933,45,284,960,,,
141215 1,Sulejwek,Minski,1931,19,21428,1110,314,193,,,
143005 4,Szydlowiec,Szydlowiecki,2189,22,10556,482,270,370,,,
141806 4,Tarczyn,Piaseczynski,523,5,4343,830,753,598,,,
143411 4,Tluszcz,Wolominski,791,8,8032,1015,646,445,,,
140611 4,Warka,Grjecki,2675,26,11889,444,216,347,,,
146501 1,Warszawa,Warszawa,51720,517,1861599,3599,2,1,,,
143301 1,Wegrw,Wegrowski,3551,36,11844,334,142,348,,,
143805 4,Wiskitki,Zyrardowski,661,7,1442,218,701,910,,,
143412 4,Wolomin,Wolominski,1724,17,35620,2066,353,118,,,
143505 4,Wyszkw,Wyszkowski,2078,21,26019,1252,285,165,,,
141915 4,Wyszogrd,Plocki,1297,13,2400,185,472,792,,,
140106 4,Wysmierzyce,Bialobrzeski,1686,17,877,52,364,968,,,
141406 4,Zakroczym,Nowodworski,1997,20,3129,157,304,709,,,
143403 1,Zabki,Wolominski,1098,11,45347,4130,538,90,,,
143404 1,Zielonka,Wolominski,7948,79,18143,228,53,225,,,
143605 4,Zwolen,Zwolenski,1592,16,7162,450,389,466,,,
140314 4,Zelechw,Garwolinski,1213,12,3719,307,498,652,,,
143706 4,Zuromin,Zurominski,1118,11,8437,755,531,429,,,
143801 1,Zyrardw,Zyrardowski,1435,14,38594,2689,430,110,,,
,WOJ. OPOLSKIE  (37 miast  towns),,,,,,,,,,
160201 4,Baborw,Glubczycki,1186,12,2823,238,507,736,,,
161001 4,Biala,Prudnicki,1472,15,2256,153,420,813,,,
160101 1,Brzeg,Brzeski,1461,15,33403,2286,424,130,,,
160401 4,Byczyna,Kluczborski,579,6,3353,579,732,692,,,
160801 4,Dobrodzien,Oleski,1954,20,3447,176,310,679,,,
161002 4,Glogwek,Prudnicki,2205,22,5445,247,267,536,,,
160203 4,Glubczyce,Glubczycki,1254,12,11651,929,485,352,,,
160701 4,Glucholazy,Nyski,684,7,12621,1845,693,332,,,
160501 4,Gogolin,Krapkowicki,2035,21,6418,315,294,489,,,
160802 4,Gorzw Slaski,Oleski,1845,18,2420,131,331,788,,,
160103 4,Grodkw,Brzeski,988,10,7902,800,573,449,,,
160301 1,Kedzierzyn-Kozle,Kedzierzynsko-kozielski,12371,124,54387,440,22,75,,,
160204 4,Kietrz,Glubczycki,1875,19,5447,291,323,535,,,
160402 4,Kluczbork,Kluczborski,1235,12,22033,1784,492,186,,,
161103 4,Kolonowskie,Strzelecki,5567,56,3207,58,79,701,,,
160703 4,Korfantw,Nyski,1023,10,1689,165,562,885,,,
160502 4,Krapkowice,Krapkowicki,2102,21,15282,727,281,282,,,
161104 4,Lesnica,Strzelecki,1450,15,2546,176,426,775,,,
160104 4,Lewin Brzeski,Brzeski,1164,12,5585,480,513,527,,,
160602 4,Namyslw,Namyslowski,2261,23,16818,744,254,252,,,
160907 4,Niemodlin,Opolski,1311,13,5853,446,468,517,,,
160705 4,Nysa,Nyski,2751,28,40685,1479,203,106,,,
160803 4,Olesno,Oleski,1508,15,9047,600,409,416,,,
166101 1,Opole,Opole,14903,149,126077,846,16,27,,,
160706 4,Otmuchw,Nyski,4955,49,6179,125,86,497,,,
160908 4,Ozimek,Opolski,325,3,7962,2450,832,448,,,
160707 4,Paczkw,Nyski,660,7,6607,1001,702,482,,,
160804 4,Praszka,Oleski,934,9,7110,761,593,469,,,
160910 4,Prszkw,Opolski,1622,16,2552,157,381,773,,,
161004 4,Prudnik,Prudnicki,2051,20,18974,925,290,217,,,
161105 4,Strzelce Opolskie,Strzelecki,2997,30,16975,566,183,247,,,
160503 4,Strzeleczki,Krapkowicki,2774,28,1510,54,200,906,,,
160912 4,Tulowice,Opolski,923,9,3622,392,596,661,,,
161106 4,Ujazd,Strzelecki,1475,15,1818,123,419,864,,,
160404 4,Wolczyn,Kluczborski,747,7,5320,712,665,542,,,
161107 4,Zawadzkie,Strzelecki,1646,16,6358,386,375,495,,,
160505 4,Zdzieszowice,Krapkowicki,1235,12,10157,822,492,379,,,
,WOJ. PODKARPACKIE  (54 miasta  towns),,,,,,,,,,
182001 4,Baranw Sandomierski,Tarnobrzeski,915,9,1395,152,600,913,,,
181301 4,Bircza,Przemyski,464,5,986,213,781,953,,,
181602 4,Blazowa,Rzeszowski,423,4,2096,496,799,828,,,
181603 4,Boguchwala,Rzeszowski,911,9,6291,691,601,496,,,
180302 4,Brzostek,Debicki,882,9,2688,305,610,757,,,
180201 4,Brzozw,Brzozowski,1146,11,7158,625,521,467,,,
180902 4,Cieszanw,Lubaczowski,1506,15,1815,121,411,865,,,
180301 1,Debica,Debicki,3383,34,42986,1271,152,100,,,
181302 4,Dubiecko,Przemyski,238,2,801,337,849,977,,,
180702 4,Dukla,Krosnienski,555,5,1971,355,741,849,,,
181601 1,Dynw,Rzeszowski,2455,25,5997,244,235,507,,,
181606 4,Glogw Malopolski,Rzeszowski,3820,38,10583,277,122,368,,,
180703 4,Iwonicz-Zdrj,Krosnienski,589,6,1540,261,727,901,,,
180401 1,Jaroslaw,Jaroslawski,3462,35,35298,1020,147,121,,,
180501 1,Jaslo,Jasielski,3652,37,32727,896,136,135,,,
181404 4,Jawornik Polski,Przeworski,848,9,1140,134,623,939,,,
180704 4,Jedlicze,Krosnienski,1060,11,5530,522,552,531,,,
181405 4,Kanczuga,Przeworski,751,7,2900,386,662,730,,,
180602 4,Kolbuszowa,Kolbuszowski,798,8,8495,1065,643,427,,,
180505 4,Kolaczyce,Jasielski,715,7,1359,190,676,919,,,
186101 1,Krosno,Krosno,4471,45,44060,985,100,95,,,
182103 4,Lesko,Leski,1533,15,5098,333,403,555,,,
180801 1,Lezajsk,Lezajski,2058,20,12697,617,288,330,,,
180901 1,Lubaczw,Lubaczowski,2574,26,11313,440,224,355,,,
181001 1,Lancut,Lancucki,1942,19,17703,912,313,231,,,
181101 1,Mielec,Mielecki,4689,47,56972,1215,94,70,,,
180905 4,Narol,Lubaczowski,1239,12,1979,160,489,848,,,
181205 4,Nisko,Nizanski,6096,61,14477,237,72,292,,,
182004 4,Nowa Deba,Tarnobrzeski,1670,17,10381,622,370,375,,,
180805 4,Nowa Sarzyna,Lezajski,915,9,5357,585,600,540,,,
180906 4,Oleszyce,Lubaczowski,508,5,2816,554,757,737,,,
180306 4,Pilzno,Debicki,1603,16,4994,312,387,564,,,
180407 4,Pruchnik,Jaroslawski,1989,20,3625,182,305,659,,,
181107 4,Przeclaw,Mielecki,1604,16,1820,113,386,863,,,
186201 1,Przemysl,Przemysl,4617,46,56050,1214,98,72,,,
181401 1,Przeworsk,Przeworski,2213,22,14523,656,265,290,,,
181108 4,Radomysl Wielki,Mielecki,879,9,3409,388,612,685,,,
180402 1,Radymno,Jaroslawski,1362,14,4935,362,450,569,,,
181503 4,Ropczyce,Ropczycko-sedziszowski,4710,47,15794,335,93,272,,,
181206 4,Rudnik nad Sanem,Nizanski,3660,37,6375,174,135,493,,,
180708 4,Rymanw,Krosnienski,1239,12,3545,286,489,669,,,
186301 1,Rzeszw,Rzeszw,12901,129,197268,1529,20,14,,,
181701 1,Sanok,Sanocki,3917,39,34345,877,116,126,,,
181504 4,Sedziszw Malopolski,Ropczycko-sedziszowski,3699,37,12368,334,130,335,,,
181407 4,Sieniawa,Przeworski,674,7,2007,298,696,841,,,
181611 4,Sokolw Malopolski,Rzeszowski,1555,16,4346,279,398,597,,,
181801 1,Stalowa Wola,Stalowowolski,8252,83,55127,668,46,73,,,
181904 4,Strzyzw,Strzyzowski,1389,14,8402,605,442,432,,,
186401 1,Tarnobrzeg,Tarnobrzeg,8540,85,43712,512,38,98,,,
181614 4,Tyczyn,Rzeszowski,967,10,4562,472,581,586,,,
181207 4,Ulanw,Nizanski,820,8,1368,167,637,918,,,
180108 4,Ustrzyki Dolne,Bieszczadzki,1679,17,8410,501,367,431,,,
181707 4,Zagrz,Sanocki,2253,22,4913,218,256,570,,,
181805 4,Zaklikw,Stalowowolski,1159,12,2780,240,515,741,,,
,WOJ. PODLASKIE  (40 miast  towns),,,,,,,,,,
200101 1,Augustw,Augustowski,8090,81,28995,358,49,149,,,
206101 1,Bialystok,Bialystok,10213,102,291688,2856,31,10,,,
200301 1,Bielsk Podlaski,Bielski,2701,27,23823,882,212,178,,,
200302 1,Bransk,Bielski,3243,33,3494,108,165,673,,,
200201 4,Choroszcz,Bialostocki,1679,17,6089,363,367,506,,,
201302 4,Ciechanowiec,Wysokomazowiecki,1953,20,4372,224,311,595,,,
200202 4,Czarna Bialostocka,Bialostocki,1428,14,8579,601,434,426,,,
201303 4,Czyzew,Wysokomazowiecki,523,5,2480,474,753,782,,,
201101 4,Dabrowa Bialostocka,Soklski,2264,23,5008,221,253,562,,,
201002 4,Drohiczyn,Siemiatycki,1568,16,1747,111,394,873,,,
200801 4,Goniadz,Moniecki,428,4,1717,401,798,877,,,
200401 1,Grajewo,Grajewski,1895,19,20899,1103,320,199,,,
200501 1,Hajnwka,Hajnowski,2129,21,18976,891,276,216,,,
200701 4,Jedwabne,Lomzynski,454,4,1676,369,788,888,,,
200507 4,Kleszczele,Hajnowski,4671,47,1049,22,95,949,,,
200804 4,Knyszyn,Moniecki,2368,24,2643,112,241,765,,,
200601 1,Kolno,Kolnenski,2507,25,9839,392,232,389,,,
201104 4,Krynki,Soklski,384,4,2132,555,810,824,,,
200104 4,Lipsk,Augustowski,498,5,2052,412,764,833,,,
200206 4,Lapy,Bialostocki,1214,12,14436,1189,497,294,,,
206201 1,Lomza,Lomza,3267,33,59711,1828,164,66,,,
200207 4,Michalowo,Bialostocki,215,2,2753,1280,860,745,,,
200806 4,Monki,Moniecki,766,8,9449,1234,656,402,,,
200704 4,Nowogrd,Lomzynski,2055,20,2087,102,289,831,,,
200404 4,Rajgrd,Grajewski,3518,35,1388,39,143,916,,,
200901 1,Sejny,Sejnenski,449,4,4889,1089,789,573,,,
201001 1,Siemiatycze,Siemiatycki,3625,36,13391,369,137,313,,,
201108 4,Soklka,Soklski,1865,19,17087,916,326,244,,,
200605 4,Stawiski,Kolnenski,1324,13,2003,151,463,844,,,
201109 4,Suchowola,Soklski,2595,26,2034,78,223,835,,,
200209 4,Suprasl,Bialostocki,568,6,4332,763,738,599,,,
200210 4,Suraz,Bialostocki,3386,34,965,28,151,956,,,
206301 1,Suwalki,Suwalki,6551,66,68231,1042,68,50,,,
200405 4,Szczuczyn,Grajewski,1323,13,3139,237,464,708,,,
201309 4,Szepietowo,Wysokomazowiecki,284,3,2018,711,843,840,,,
200212 4,Tykocin,Bialostocki,2896,29,1844,64,188,859,,,
200213 4,Wasilkw,Bialostocki,2826,28,12768,452,192,328,,,
201301 1,Wysokie Mazowieckie,Wysokomazowiecki,1524,15,9017,592,406,418,,,
200214 4,Zabludw,Bialostocki,1430,14,2485,174,432,780,,,
201401 1,Zambrw,Zambrowski,1902,19,20848,1096,318,200,,,
,WOJ. POMORSKIE  (42 miasta  towns),,,,,,,,,,
220202 4,Brusy,Chojnicki,520,5,5063,974,754,559,,,
220102 4,Bytw,Bytowski,872,9,16339,1874,614,259,,,
220201 1,Chojnice,Chojnicki,2104,21,38729,1841,279,109,,,
221301 4,Czarna Woda,Starogardzki,993,10,2644,266,570,764,,,
220302 4,Czarne,Czluchowski,4649,46,5572,120,96,528,,,
220204 4,Czersk,Chojnicki,973,10,9852,1013,578,388,,,
220301 1,Czluchw,Czluchowski,1278,13,13031,1020,476,319,,,
220304 4,Debrzno,Czluchowski,751,8,4834,644,662,575,,,
221601 4,Dzierzgon,Sztumski,390,4,4893,1255,809,572,,,
226101 1,Gdansk,Gdansk,68300,683,487371,714,1,6,,,
226201 1,Gdynia,Gdynia,39151,391,241189,616,3,12,,,
221402 4,Gniew,Tczewski,604,6,6149,1018,721,501,,,
221101 1,Hel,Pucki,9536,95,2786,29,32,740,,,
221102 4,Jastarnia,Pucki,505,5,2604,516,759,770,,,
220502 4,Kartuzy,Kartuski,680,7,13796,2029,695,304,,,
221205 4,Kepice,Slupski,611,6,3283,537,718,697,,,
220601 1,Koscierzyna,Koscierski,1586,16,23296,1469,391,183,,,
221001 1,Krynica Morska,Nowodworski,11895,119,1165,10,23,937,,,
220701 1,Kwidzyn,Kwidzynski,2154,22,36854,1711,275,114,,,
220801 1,Lebork,Leborski,1786,18,34000,1904,342,127,,,
220802 1,Leba,Leborski,1656,17,3024,183,372,715,,,
220901 1,Malbork,Malborski,1716,17,36709,2139,357,115,,,
220106 4,Miastko,Bytowski,568,6,9395,1654,738,405,,,
221002 4,Nowy Dwr Gdanski,Nowodworski,507,5,9471,1868,758,399,,,
220907 4,Nowy Staw,Malborski,486,5,4001,823,769,629,,,
221404 4,Pelplin,Tczewski,442,4,7124,1612,793,468,,,
220704 4,Prabuty,Kwidzynski,729,7,8091,1110,670,442,,,
220401 1,Pruszcz Gdanski,Gdanski,1646,16,32171,1954,375,138,,,
221103 1,Puck,Pucki,1694,17,10463,618,361,374,,,
221501 1,Reda,Wejherowski,3346,34,28704,858,155,151,,,
221502 1,Rumia,Wejherowski,3006,30,53316,1774,182,78,,,
221309 4,Skarszewy,Starogardzki,1079,11,6598,611,545,483,,,
221302 1,Skrcz,Starogardzki,363,4,3439,947,818,680,,,
226301 1,Slupsk,Slupsk,5274,53,85504,1621,80,42,,,
226401 1,Sopot,Sopot,2776,28,31903,1149,199,139,,,
221303 1,Starogard Gdanski,Starogardzki,2528,25,45295,1792,229,91,,,
221605 4,Sztum,Sztumski,459,5,9104,1983,785,413,,,
221401 1,Tczew,Tczewski,2235,22,56936,2547,259,71,,,
221201 1,Ustka,Slupski,1109,11,13722,1237,534,305,,,
221503 1,Wejherowo,Wejherowski,2699,27,46097,1708,213,87,,,
221104 4,Wladyslawowo,Pucki,3338,33,9235,277,156,412,,,
220508 4,Zukowo,Kartuski,473,5,6709,1418,776,479,,,
,WOJ. SLASKIE  (74 miasta  towns),,,,,,,,,,
240101 1,Bedzin,Bedzinski,3739,37,53848,1440,127,76,,,
246101 1,Bielsko-Biala,Bielsko-Biala,12445,124,165766,1332,21,21,,,
241401 1,Bierun,Bierunsko-ledzinski,4052,40,18835,465,109,219,,,
240401 4,Blachownia,Czestochowski,3669,37,9041,246,133,417,,,
246201 1,Bytom,Bytom,6948,69,147759,2127,63,23,,,
246301 1,Chorzw,Chorzw,3332,33,100593,3019,157,36,,,
240301 1,Cieszyn,Cieszynski,2860,29,32947,1152,190,133,,,
240204 4,Czechowice-Dziedzice,Bielski,3289,33,34783,1058,162,124,,,
240102 1,Czeladz,Bedzinski,1636,16,29876,1826,379,145,,,
241201 4,Czerwionka-Leszczyny,Rybnicki,3759,38,26522,706,126,163,,,
246401 1,Czestochowa,Czestochowa,15972,160,205969,1290,14,13,,,
246501 1,Dabrowa Grnicza,Dabrowa Grnicza,18873,189,113460,601,11,30,,,
246601 1,Gliwice,Gliwice,13388,134,169915,1269,19,19,,,
241402 1,Imielin,Bierunsko-ledzinski,2800,28,9398,336,197,404,,,
246701 1,Jastrzebie-Zdrj,Jastrzebie-Zdrj,8534,85,82301,964,39,43,,,
246801 1,Jaworzno,Jaworzno,15242,152,86812,570,15,41,,,
241301 1,Kalety,Tarnogrski,7637,76,8170,107,56,437,,,
246901 1,Katowice,Katowice,16473,165,279190,1695,13,11,,,
240601 4,Klobuck,Klobucki,4746,47,12220,257,91,338,,,
240501 1,Knurw,Gliwicki,3390,34,35619,1051,150,119,,,
240406 4,Koniecpol,Czestochowski,3694,37,5355,145,131,541,,,
240902 4,Kozieglowy,Myszkowski,2671,27,2382,89,217,799,,,
241103 4,Krzanowice,Raciborski,311,3,2000,643,836,845,,,
240602 4,Krzepice,Klobucki,2766,28,4101,148,201,620,,,
241105 4,Kuznia Raciborska,Raciborski,3153,32,4598,146,174,584,,,
241403 1,Ledziny,Bierunsko-ledzinski,3158,32,16333,517,173,260,,,
240701 1,Lubliniec,Lubliniecki,8937,89,23347,261,34,182,,,
240801 1,Laziska Grne,Mikolowski,2011,20,21116,1050,301,198,,,
241605 4,Lazy,Zawiercianski,898,9,6378,710,605,492,,,
241302 1,Miasteczko Slaskie,Tarnogrski,6794,68,6961,102,65,473,,,
240802 1,Mikolw,Mikolowski,7921,79,41618,525,54,103,,,
247001 1,Myslowice,Myslowice,6566,66,71280,1086,67,47,,,
240901 1,Myszkw,Myszkowski,7363,73,29379,399,59,148,,,
241606 4,Ogrodzieniec,Zawiercianski,2856,29,4110,144,191,617,,,
240412 4,Olsztyn,Czestochowski,3425,34,2492,73,149,779,,,
240803 1,Orzesze,Mikolowski,8371,84,21986,263,45,188,,,
247101 1,Piekary Slaskie,Piekary Slaskie,3986,40,51707,1297,113,83,,,
241607 4,Pilica,Zawiercianski,822,8,1761,214,635,871,,,
241601 1,Poreba,Zawiercianski,3999,40,8104,203,111,441,,,
240414 4,Przyrw,Czestochowski,1206,12,1088,90,501,946,,,
241005 4,Pszczyna,Pszczynski,2234,22,25031,1120,260,171,,,
241501 1,Pszw,Wodzislawski,2046,20,13007,636,293,320,,,
240502 1,Pyskowice,Gliwicki,3122,31,17236,552,175,241,,,
241101 1,Racibrz,Raciborski,7504,75,49650,662,58,84,,,
241502 1,Radlin,Wodzislawski,1253,13,16829,1343,486,251,,,
241303 1,Radzionkw,Tarnogrski,1322,13,16034,1213,465,264,,,
247201 1,Ruda Slaska,Ruda Slaska,7764,78,130302,1678,55,26,,,
247301 1,Rybnik,Rybnik,14827,148,130887,883,17,25,,,
241503 1,Rydultowy,Wodzislawski,1496,15,20168,1348,414,206,,,
247401 1,Siemianowice Slaskie,Siemianowice Slaskie,2551,26,63401,2485,227,58,,,
240107 4,Siewierz,Bedzinski,3872,39,5730,148,118,522,,,
240310 4,Skoczw,Cieszynski,985,10,13423,1363,574,312,,,
240108 1,Slawkw,Bedzinski,3667,37,6842,187,134,475,,,
247501 1,Sosnowiec,Sosnowiec,9116,91,187115,2053,33,17,,,
240506 4,Sosnicowice,Gliwicki,1168,12,1958,168,512,854,,,
240311 4,Strumien,Cieszynski,628,6,3558,567,711,668,,,
241608 4,Szczekociny,Zawiercianski,1802,18,3329,185,338,695,,,
240201 1,Szczyrk,Bielski,3927,39,5283,135,115,544,,,
247601 1,Swietochlowice,Swietochlowice,1330,13,45434,3416,461,88,,,
241304 1,Tarnowskie Gry,Tarnogrski,8381,84,61321,732,44,62,,,
240507 4,Toszek,Gliwicki,974,10,3489,358,577,675,,,
247701 1,Tychy,Tychy,8181,82,122045,1492,48,28,,,
240302 1,Ustron,Cieszynski,5904,59,15853,269,75,271,,,
240209 4,Wilamowice,Bielski,1040,10,3167,305,555,706,,,
240303 1,Wisla,Cieszynski,11016,110,10637,97,26,366,,,
241609 4,Wlodowice,Zawiercianski,2347,24,1152,49,243,938,,,
241504 1,Wodzislaw Slaski,Wodzislawski,4951,49,44833,906,87,93,,,
240103 1,Wojkowice,Bedzinski,1278,13,8477,663,476,428,,,
240708 4,Wozniki,Lubliniecki,7074,71,4121,58,62,616,,,
247801 1,Zabrze,Zabrze,8042,80,153838,1913,50,22,,,
241602 1,Zawiercie,Zawiercianski,8529,85,46106,541,40,86,,,
240905 4,Zarki,Myszkowski,2549,25,4325,170,228,600,,,
247901 1,Zory,Zory,6463,65,61774,956,69,61,,,
241701 1,Zywiec,Zywiecki,5048,50,29732,589,85,146,,,
,WOJ. SWIETOKRZYSKIE  (50 miast  towns),,,,,,,,,,
260402 4,Bodzentyn,Kielecki,865,9,2091,242,616,830,,,
261201 4,Bogoria,Staszowski,554,6,1077,194,742,947,,,
260101 4,Busko-Zdrj,Buski,1228,12,14365,1170,494,296,,,
260403 4,Checiny,Kielecki,1413,14,4316,305,436,601,,,
260404 4,Chmielnik,Kielecki,780,8,3434,440,650,681,,,
260704 4,Cmielw,Ostrowiecki,1334,13,2788,209,460,739,,,
260405 4,Daleszyce,Kielecki,1550,15,2750,177,399,746,,,
260801 4,Dzialoszyce,Pinczowski,192,2,847,441,864,970,,,
260502 4,Gowarczw,Konecki,1203,12,1324,110,502,926,,,
260602 4,Iwaniska,Opatowski,598,6,1215,203,723,934,,,
260202 4,Jedrzejw,Jedrzejowski,1137,11,14029,1234,524,302,,,
260303 4,Kazimierza Wielka,Kazimierski,614,6,4995,814,717,563,,,
266101 1,Kielce,Kielce,10965,110,182295,1663,27,18,,,
260903 4,Klimontw,Sandomierski,467,5,1758,376,779,872,,,
260503 4,Konskie,Konecki,1770,18,17384,982,346,236,,,
260904 4,Koprzywnica,Sandomierski,1790,18,2368,132,341,801,,,
260705 4,Kunw,Ostrowiecki,726,7,2699,372,671,754,,,
260407 4,Lagw,Kielecki,822,8,1521,185,635,904,,,
260408 4,Lopuszno,Kielecki,524,5,1445,276,752,909,,,
260203 4,Malogoszcz,Jedrzejowski,968,10,3356,347,580,690,,,
260412 4,Morawica,Kielecki,438,4,1768,404,794,870,,,
260413 4,Nowa Slupia,Kielecki,1397,14,1288,92,439,930,,,
260103 4,Nowy Korczyn,Buski,745,8,899,121,666,966,,,
261203 4,Olesnica,Staszowski,1006,10,1710,170,567,880,,,
260304 4,Opatowiec,Kazimierski,546,6,308,56,745,983,,,
260604 4,Opatw,Opatowski,936,9,5937,634,592,509,,,
261204 4,Osiek,Staszowski,1743,17,1970,113,351,850,,,
260701 1,Ostrowiec Swietokrzyski,Ostrowiecki,4643,46,62093,1337,97,59,,,
260605 4,Ozarw,Opatowski,779,8,4203,540,651,611,,,
260104 4,Pacanw,Buski,712,7,1033,145,678,950,,,
260414 4,Piekoszw,Kielecki,846,8,2948,348,624,724,,,
260415 4,Pierzchnica,Kielecki,692,7,1269,183,688,931,,,
260804 4,Pinczw,Pinczowski,1433,14,9721,678,431,393,,,
261205 4,Polaniec,Staszowski,1741,17,7453,428,352,453,,,
260504 4,Radoszyce,Konecki,1717,17,2831,165,356,734,,,
260901 1,Sandomierz,Sandomierski,2869,29,21273,741,189,196,,,
260206 4,Sedziszw,Jedrzejowski,792,8,6108,771,645,503,,,
260305 4,Skalbmierz,Kazimierski,713,7,1187,166,677,935,,,
261001 1,Skarzysko-Kamienna,Skarzyski,6439,64,41224,640,71,104,,,
261101 1,Starachowice,Starachowicki,3182,32,44416,1396,172,94,,,
261207 4,Staszw,Staszowski,2688,27,13596,506,215,308,,,
260508 4,Staporkw,Konecki,1094,11,5091,465,541,557,,,
260106 4,Stopnica,Buski,455,5,1124,247,787,941,,,
261005 4,Suchedniw,Skarzyski,5942,59,7452,125,74,454,,,
261208 4,Szydlw,Staszowski,1623,16,967,60,380,955,,,
261105 4,Wachock,Starachowicki,1602,16,2466,154,388,783,,,
260108 4,Wislica,Buski,476,5,444,93,775,982,,,
261306 4,Wloszczowa,Wloszczowski,3030,30,9520,314,179,397,,,
260209 4,Wodzislaw,Jedrzejowski,793,8,961,121,644,958,,,
260909 4,Zawichost,Sandomierski,2031,20,1596,79,296,895,,,
,WOJ. WARMINSKO-MAZURSKIE  (50 miast  towns),,,,,,,,,,
281401 4,Barczewo,Olsztynski,458,5,7377,1611,786,456,,,
280101 1,Bartoszyce,Bartoszycki,1179,12,21314,1808,509,195,,,
281601 4,Biala Piska,Piski,324,3,3673,1134,833,656,,,
281402 4,Biskupiec,Olsztynski,500,5,9924,1985,763,384,,,
280104 4,Bisztynek,Bartoszycki,216,2,2156,998,859,821,,,
280201 1,Braniewo,Braniewski,1241,12,16015,1290,487,266,,,
281403 4,Dobre Miasto,Olsztynski,486,5,9255,1904,769,410,,,
280301 1,Dzialdowo,Dzialdowski,1147,12,20125,1755,520,207,,,
286101 1,Elblag,Elblag,7982,80,112923,1415,52,31,,,
280501 1,Elk,Elcki,2105,21,59759,2839,278,65,,,
280203 4,Frombork,Braniewski,759,8,2029,267,659,837,,,
280601 1,Gizycko,Gizycki,1372,14,27310,1991,447,161,,,
281803 4,Goldap,Goldapski,1720,17,13184,767,355,315,,,
280102 1,Growo Ilaweckie,Bartoszycki,332,3,3627,1092,829,658,,,
280701 1,Ilawa,Ilawski,2188,22,32188,1471,271,137,,,
281406 4,Jeziorany,Olsztynski,341,3,2943,863,825,725,,,
280801 1,Ketrzyn,Ketrzynski,1035,10,25113,2426,556,170,,,
280704 4,Kisielice,Ilawski,337,3,2005,595,827,842,,,
280804 4,Korsze,Ketrzynski,403,4,3934,976,803,635,,,
280304 4,Lidzbark,Dzialdowski,568,6,7182,1264,738,462,,,
280901 1,Lidzbark Warminski,Lidzbarski,1435,14,14459,1008,430,293,,,
280702 1,Lubawa,Ilawski,1684,17,10633,631,365,367,,,
281002 4,Mikolajki,Mragowski,932,9,3361,361,594,689,,,
281506 4,Milakowo,Ostrdzki,876,9,2399,274,613,793,,,
281507 4,Milomlyn,Ostrdzki,1238,12,2410,195,490,790,,,
280406 4,Mlynary,Elblaski,276,3,1681,609,844,887,,,
281508 4,Morag,Ostrdzki,611,6,12757,2088,718,329,,,
281001 1,Mragowo,Mragowski,1480,15,20533,1387,418,202,,,
281104 4,Nidzica,Nidzicki,686,7,12629,1841,691,331,,,
281201 1,Nowe Miasto Lubawskie,Nowomiejski,1136,11,10089,888,525,381,,,
281304 4,Olecko,Olecki,1154,12,15721,1362,518,273,,,
286201 1,Olsztyn,Olsztyn,8832,88,167311,1894,35,20,,,
281409 4,Olsztynek,Olsztynski,769,8,7165,932,654,465,,,
280905 4,Orneta,Lidzbarski,963,10,8007,831,583,446,,,
281602 4,Orzysz,Piski,817,8,5279,646,638,545,,,
281501 1,Ostrda,Ostrdzki,1415,14,31336,2215,435,141,,,
280407 4,Paslek,Elblaski,1141,11,11728,1028,523,351,,,
281704 4,Pasym,Szczycienski,1518,15,2390,157,407,796,,,
280205 4,Pieniezno,Braniewski,382,4,2420,634,811,788,,,
281603 4,Pisz,Piski,1008,10,17672,1753,566,232,,,
280805 4,Reszel,Ketrzynski,382,4,4045,1059,811,625,,,
281604 4,Ruciane-Nida,Piski,1708,17,4073,238,358,623,,,
280608 4,Ryn,Gizycki,413,4,2678,648,801,759,,,
280106 4,Sepopol,Bartoszycki,463,5,1890,408,782,857,,,
280706 4,Susz,Ilawski,667,7,5245,786,698,548,,,
281701 1,Szczytno,Szczycienski,997,10,21878,2194,569,189,,,
280409 4,Tolkmicko,Elblaski,226,2,2395,1060,856,794,,,
281903 4,Wegorzewo,Wegorzewski,1088,11,10563,971,542,369,,,
281708 4,Wielbark,Szczycienski,1830,18,2979,163,333,721,,,
280707 4,Zalewo,Ilawski,822,8,2026,246,635,838,,,
,WOJ. WIELKOPOLSKIE  (119 miast  towns),,,,,,,,,,
302201 4,Bojanowo,Rawicki,234,2,2790,1192,852,738,,,
300401 4,Borek Wielkopolski,Gostynski,629,7,2436,387,710,786,,,
300102 4,Budzyn,Chodzieski,4059,41,4668,115,108,580,,,
302103 4,Buk,Poznanski,296,3,5502,1859,841,532,,,
302001 4,Chocz,Pleszewski,689,7,1625,236,689,891,,,
300101 1,Chodziez,Chodzieski,1277,13,17321,1356,477,238,,,
300201 1,Czarnkw,Czarnkowsko-trzcianecki,1019,10,9916,973,563,385,,,
301102 4,Czempin,Koscianski,359,4,5096,1419,819,556,,,
300302 4,Czerniejewo,Gnieznienski,1019,10,2555,251,563,772,,,
300904 4,Dabie,Kolski,880,9,1703,194,611,883,,,
302703 4,Dobra,Turecki,184,2,1328,722,866,924,,,
302003 4,Dobrzyca,Pleszewski,1981,20,2922,148,307,728,,,
302602 4,Dolsk,Sremski,620,6,1550,250,714,900,,,
300301 1,Gniezno,Gnieznienski,4060,41,63549,1565,107,57,,,
301001 4,Golina,Koninski,352,4,4284,1217,821,607,,,
302803 4,Golancz,Wagrowiecki,1264,13,3180,252,480,705,,,
300402 4,Gostyn,Gostynski,1110,11,19814,1785,533,208,,,
301803 4,Grabw nad Prosna,Ostrzeszowski,258,3,1908,740,845,856,,,
300502 4,Grodzisk Wielkopolski,Grodziski,1821,18,15124,831,334,284,,,
300601 4,Jaraczewo,Jarocinski,1008,10,1368,136,566,918,,,
300602 4,Jarocin,Jarocinski,2217,22,26286,1186,264,164,,,
303102 4,Jastrowie,Zlotowski,7230,72,8258,114,61,435,,,
302202 4,Jutrosin,Rawicki,162,2,1850,1142,869,858,,,
301903 4,Kaczory,Pilski,1654,17,2777,168,373,742,,,
306101 1,Kalisz,Kalisz,6938,69,93137,1342,64,38,,,
300803 4,Kepno,Kepinski,779,8,13530,1737,651,311,,,
301004 4,Kleczew,Koninski,779,8,3893,500,651,638,,,
300305 4,Klecko,Gnieznienski,961,10,2520,262,585,776,,,
300906 4,Klodawa,Kolski,431,4,5870,1362,797,516,,,
301202 4,Kobylin,Krotoszynski,487,5,3203,658,768,702,,,
300901 1,Kolo,Kolski,1386,14,19417,1401,443,213,,,
306201 1,Konin,Konin,8230,82,67066,815,47,53,,,
302108 4,Kostrzyn,Poznanski,798,8,9855,1235,643,387,,,
301101 1,Koscian,Koscianski,901,9,23398,2597,603,181,,,
301203 4,Kozmin Wielkopolski,Krotoszynski,589,6,6117,1039,727,502,,,
300705 4,Kozminek,Kaliski,604,6,1823,302,721,861,,,
302109 4,Krnik,Poznanski,598,6,8141,1361,723,438,,,
303103 4,Krajenka,Zlotowski,376,4,3498,930,813,671,,,
300403 4,Krobia,Gostynski,705,7,4513,640,680,588,,,
301204 4,Krotoszyn,Krotoszynski,2254,23,28126,1248,255,157,,,
301104 4,Krzywin,Koscianski,227,2,1662,732,855,890,,,
300204 4,Krzyz Wielkopolski,Czarnkowsko-trzcianecki,583,6,5882,1009,730,514,,,
302603 4,Ksiaz Wielkopolski,Sremski,574,6,2745,478,735,747,,,
306301 1,Leszno,Leszno,3186,32,60051,1885,171,64,,,
302101 1,Lubon,Poznanski,1351,14,32835,2430,454,134,,,
301502 4,Lwwek,Nowotomyski,316,3,2923,925,834,727,,,
301904 4,Lobzenica,Pilski,325,3,2764,850,832,743,,,
300104 4,Margonin,Chodzieski,515,5,2967,576,756,722,,,
301905 4,Miasteczko Krajenskie,Pilski,196,2,1069,545,862,948,,,
302203 4,Miejska Grka,Rawicki,314,3,3054,973,835,713,,,
302804 4,Miescisko,Wagrowiecki,1134,11,2402,212,526,791,,,
301403 4,Miedzychd,Miedzychodzki,698,7,9956,1426,685,382,,,
301806 4,Mikstat,Ostrzeszowski,252,3,1702,675,846,884,,,
303002 4,Miloslaw,Wrzesinski,446,4,3391,760,790,687,,,
302110 4,Mosina,Poznanski,1350,14,14501,1074,455,291,,,
302111 4,Murowana Goslina,Poznanski,860,9,10287,1196,618,377,,,
303003 4,Nekla,Wrzesinski,1979,20,3826,193,308,643,,,
301702 4,Nowe Skalmierzyce,Ostrowski,158,2,4578,2897,871,585,,,
301504 4,Nowy Tomysl,Nowotomyski,520,5,13591,2614,754,310,,,
301601 4,Oborniki,Obornicki,1408,14,17238,1224,438,240,,,
302401 1,Obrzycko,Szamotulski,374,4,2391,639,814,795,,,
301703 4,Odolanw,Ostrowski,476,5,4941,1038,775,568,,,
303105 4,Okonek,Zlotowski,601,6,3616,602,722,663,,,
301505 4,Opalenica,Nowotomyski,642,6,9303,1449,708,407,,,
300708 4,Opatwek,Kaliski,868,9,3493,402,615,674,,,
301303 4,Osieczna,Leszczynski,476,5,2443,513,775,785,,,
302405 4,Ostrorg,Szamotulski,126,1,1836,1457,873,860,,,
301701 1,Ostrw Wielkopolski,Ostrowski,4190,42,69260,1653,104,49,,,
301807 4,Ostrzeszw,Ostrzeszowski,1213,12,13593,1121,498,309,,,
301901 1,Pila,Pilski,10268,103,70054,682,30,48,,,
302006 4,Pleszew,Pleszewski,1338,13,16610,1241,459,255,,,
302406 4,Pniewy,Szamotulski,932,9,8080,867,594,443,,,
302112 4,Pobiedziska,Poznanski,1024,10,9891,966,561,386,,,
300406 4,Pogorzela,Gostynski,436,4,2032,466,795,836,,,
300407 4,Poniec,Gostynski,394,4,2918,741,807,729,,,
306401 1,Poznan,Poznan,26191,262,538439,2056,9,5,,,
300911 4,Przedecz,Kolski,298,3,1534,515,839,902,,,
302102 1,Puszczykowo,Poznanski,1639,16,9292,567,378,408,,,
303004 4,Pyzdry,Wrzesinski,1216,12,2958,243,496,723,,,
300504 4,Rakoniewice,Grodziski,337,3,3590,1065,827,667,,,
301706 4,Raszkw,Ostrowski,205,2,2099,1024,861,827,,,
302205 4,Rawicz,Rawicki,886,9,19655,2218,609,211,,,
301602 4,Rogozno,Obornicki,1124,11,10771,958,528,362,,,
300806 4,Rychtal,Kepinski,396,4,1332,336,806,922,,,
301007 4,Rychwal,Koninski,970,10,2383,246,579,798,,,
301304 4,Rydzyna,Leszczynski,220,2,2869,1304,858,733,,,
301404 4,Sierakw,Miedzychodzki,1408,14,5820,413,438,518,,,
302805 4,Skoki,Wagrowiecki,1120,11,4773,426,530,577,,,
302301 1,Slupca,Slupecki,1032,10,12952,1255,558,323,,,
301010 4,Sompolno,Koninski,621,6,3336,537,713,694,,,
300709 4,Stawiszyn,Kaliski,99,1,1356,1370,875,920,,,
302114 4,Steszew,Poznanski,569,6,5874,1032,737,515,,,
301201 1,Sulmierzyce,Krotoszynski,2920,29,2722,93,186,753,,,
302116 4,Swarzedz,Poznanski,823,8,28254,3433,634,155,,,
300105 4,Szamocin,Chodzieski,467,5,3900,835,779,637,,,
302407 4,Szamotuly,Szamotulski,1108,11,18219,1644,535,224,,,
301012 4,Slesin,Koninski,719,7,3098,431,674,711,,,
301105 4,Smigiel,Koscianski,530,5,5616,1060,749,525,,,
302604 4,Srem,Sremski,1237,12,27817,2249,491,160,,,
302504 4,Sroda Wielkopolska,Sredzki,2199,22,24324,1106,268,176,,,
300207 4,Trzcianka,Czarnkowsko-trzcianecki,1830,18,16422,897,333,257,,,
300309 4,Trzemeszno,Gnieznienski,546,5,7272,1332,745,460,,,
302707 4,Tuliszkw,Turecki,700,7,3038,434,683,714,,,
302701 1,Turek,Turecki,1617,16,24463,1513,383,175,,,
301907 4,Ujscie,Pilski,578,6,3355,580,733,691,,,
302801 1,Wagrowiec,Wagrowiecki,1782,18,25398,1425,343,168,,,
300208 4,Wielen,Czarnkowsko-trzcianecki,461,5,5677,1231,784,523,,,
300505 4,Wielichowo,Grodziski,124,1,1665,1343,874,889,,,
300310 4,Witkowo,Gnieznienski,830,8,7427,895,630,455,,,
302903 4,Wolsztyn,Wolsztynski,478,5,11935,2497,773,346,,,
302408 4,Wronki,Szamotulski,581,6,10505,1808,731,373,,,
303005 4,Wrzesnia,Wrzesinski,1273,13,31759,2495,479,140,,,
301908 4,Wyrzysk,Pilski,412,4,5077,1232,802,558,,,
301909 4,Wysoka,Pilski,482,5,2511,521,770,777,,,
302308 4,Zagrw,Slupecki,344,4,2729,793,823,751,,,
301506 4,Zbaszyn,Nowotomyski,541,5,7016,1297,746,472,,,
301206 4,Zduny,Krotoszynski,620,6,4314,696,714,602,,,
303101 1,Zlotw,Zlotowski,1158,12,18138,1566,516,226,,,
300604 4,Zerkw,Jarocinski,216,2,2080,963,859,832,,,
,WOJ. ZACHODNIOPOMORSKIE  (66 miast  towns),,,,,,,,,,
321001 4,Barlinek,Mysliborski,1755,18,12935,737,348,324,,,
321502 4,Barwice,Szczecinecki,752,8,3475,462,661,677,,,
320101 1,Bialogard,Bialogardzki,2574,26,22418,871,224,185,,,
321503 4,Bialy Br,Szczecinecki,1283,13,2142,167,475,823,,,
320903 4,Bobolice,Koszalinski,477,5,3723,781,774,651,,,
321504 4,Borne Sulinowo,Szczecinecki,1815,18,4843,267,335,574,,,
320602 4,Cedynia,Gryfinski,258,3,1459,566,845,908,,,
321402 4,Chociwel,Stargardzki,367,4,2989,814,816,718,,,
320603 4,Chojna,Gryfinski,1352,13,7316,541,453,458,,,
320202 4,Choszczno,Choszczenski,958,10,13895,1450,586,303,,,
320301 4,Czaplinek,Drawski,1362,14,6663,489,450,481,,,
321702 4,Czlopa,Walecki,627,6,2158,344,712,820,,,
321301 1,Darlowo,Slawienski,2021,20,12512,619,299,334,,,
321003 4,Debno,Mysliborski,1950,19,12885,661,312,326,,,
321801 4,Dobra,Lobeski,237,2,2019,852,850,839,,,
321403 4,Dobrzany,Stargardzki,534,5,2159,404,747,819,,,
320203 4,Drawno,Choszczenski,503,5,2156,429,761,821,,,
320302 4,Drawsko Pomorskie,Drawski,2233,22,11224,503,261,357,,,
320701 4,Dziwnw,Kamienski,652,7,2302,353,705,809,,,
320702 4,Golczewo,Kamienski,742,7,2504,337,667,778,,,
320402 4,Goleniw,Goleniowski,1178,12,21462,1822,510,192,,,
320803 4,Goscino,Kolobrzeski,570,6,2734,480,736,749,,,
320502 4,Gryfice,Gryficki,1240,12,15343,1237,488,281,,,
320604 4,Gryfino,Gryfinski,1182,12,19691,1666,508,210,,,
321405 4,Insko,Stargardzki,747,7,1772,237,665,869,,,
320303 4,Kalisz Pomorski,Drawski,1196,12,4039,338,505,626,,,
320703 4,Kamien Pomorski,Kamienski,1074,11,8291,772,547,434,,,
320103 4,Karlino,Bialogardzki,940,9,5477,583,591,533,,,
320801 1,Kolobrzeg,Kolobrzeski,2739,27,43426,1585,206,99,,,
326101 1,Koszalin,Koszalin,10557,106,105540,1000,29,33,,,
321203 4,Lipiany,Pyrzycki,695,7,3798,546,686,646,,,
321802 4,Lobez,Lobeski,1285,13,9516,741,474,398,,,
320403 4,Maszewo,Goleniowski,554,5,3303,596,742,696,,,
320905 4,Mielno,Koszalinski,3357,34,2737,82,154,748,,,
320605 4,Mieszkowice,Gryfinski,526,5,3343,636,751,693,,,
320704 4,Miedzyzdroje,Kamienski,516,5,4893,948,755,572,,,
321703 4,Miroslawiec,Walecki,241,2,3018,1252,847,716,,,
320606 4,Moryn,Gryfinski,554,6,1622,293,742,892,,,
321004 4,Myslibrz,Mysliborski,1504,15,10353,688,412,376,,,
321103 4,Nowe Warpno,Policki,2451,24,1049,43,236,949,,,
320404 4,Nowogard,Goleniowski,1258,13,15695,1248,481,274,,,
320205 4,Pelczyce,Choszczenski,1307,13,2402,184,469,791,,,
320504 4,Ploty,Gryficki,412,4,3705,899,802,653,,,
320906 4,Polanw,Koszalinski,737,7,2824,383,668,735,,,
321104 4,Police,Policki,3730,37,29627,794,128,147,,,
321603 4,Polczyn-Zdrj,Swidwinski,722,7,7243,1003,673,461,,,
321205 4,Pyrzyce,Pyrzycki,3879,39,11824,305,117,349,,,
320206 4,Recz,Choszczenski,1240,12,2647,213,488,763,,,
321804 4,Resko,Lobeski,449,4,3892,867,789,639,,,
320907 4,Sianw,Koszalinski,1588,16,6564,413,390,484,,,
321302 1,Slawno,Slawienski,1583,16,11777,744,392,350,,,
321401 1,Stargard,Stargardzki,4808,48,66604,1385,90,54,,,
320407 4,Stepnica,Goleniowski,340,3,2520,741,826,776,,,
321411 4,Suchan,Stargardzki,357,4,1393,390,820,914,,,
326201 1,Szczecin,Szczecin,30062,301,389066,1294,5,7,,,
321501 1,Szczecinek,Szczecinecki,4848,48,37557,775,89,112,,,
321601 1,Swidwin,Swidwinski,2238,22,14547,650,258,289,,,
326301 1,Swinoujscie,Swinoujscie,20207,202,38904,193,10,108,,,
320608 4,Trzcinsko-Zdrj,Gryfinski,233,2,2114,907,853,826,,,
320508 4,Trzebiatw,Gryficki,1025,10,9314,909,560,406,,,
321704 4,Tuczno,Walecki,921,9,1780,193,597,867,,,
320104 4,Tychowo,Bialogardzki,393,4,2332,593,808,803,,,
321701 1,Walcz,Walecki,3817,38,23578,618,123,179,,,
321805 4,Wegorzyno,Lobeski,685,7,2628,384,692,768,,,
320706 4,Wolin,Kamienski,1447,15,4639,321,427,581,,,
320306 4,Zlocieniec,Drawski,3227,32,12046,373,167,342,,,
,,,,,,,,,,,
